"district_name","name"
"Cumilla","Debidwar"
"Cumilla","Barura"
"Cumilla","Brahmanpara"
"Cumilla","Chandina"
"Cumilla","Chauddagram"
"Cumilla","Daudkandi"
"Cumilla","Homna"
"Cumilla","Laksam"
"Cumilla","Muradnagar"
"Cumilla","Nangalkot"
"Cumilla","Comilla Sadar"
"Cumilla","Meghna"
"Cumilla","Monohargonj"
"Cumilla","Sadarsouth"
"Cumilla","Titas"
"Cumilla","Burichang"
"Cumilla","Lalmai"
"Feni","Chhagalnaiya"
"Feni","Feni Sadar"
"Feni","Sonagazi"
"Feni","Fulgazi"
"Feni","Parshuram"
"Feni","Daganbhuiyan"
"Brahmanbaria","Brahmanbaria Sadar"
"Brahmanbaria","Kasba"
"Brahmanbaria","Nasirnagar"
"Brahmanbaria","Sarail"
"Brahmanbaria","Ashuganj"
"Brahmanbaria","Akhaura"
"Brahmanbaria","Nabinagar"
"Brahmanbaria","Bancharampur"
"Brahmanbaria","Bijoynagar"
"Rangamati","Rangamati Sadar"
"Rangamati","Kaptai"
"Rangamati","Kawkhali"
"Rangamati","Baghaichari"
"Rangamati","Barkal"
"Rangamati","Langadu"
"Rangamati","Rajasthali"
"Rangamati","Belaichari"
"Rangamati","Juraichari"
"Rangamati","Naniarchar"
"Noakhali","Noakhali Sadar"
"Noakhali","Companiganj"
"Noakhali","Begumganj"
"Noakhali","Hatia"
"Noakhali","Subarnachar"
"Noakhali","Kabirhat"
"Noakhali","Senbug"
"Noakhali","Chatkhil"
"Noakhali","Sonaimori"
"Chandpur","Haimchar"
"Chandpur","Kachua"
"Chandpur","Shahrasti"
"Chandpur","Chandpur Sadar"
"Chandpur","Matlab South"
"Chandpur","Hajiganj"
"Chandpur","Matlab North"
"Chandpur","Faridgonj"
"Lakshmipur","Lakshmipur Sadar"
"Lakshmipur","Kamalnagar"
"Lakshmipur","Raipur"
"Lakshmipur","Ramgati"
"Lakshmipur","Ramganj"
"Chattogram","Rangunia"
"Chattogram","Sitakunda"
"Chattogram","Mirsharai"
"Chattogram","Patiya"
"Chattogram","Sandwip"
"Chattogram","Banshkhali"
"Chattogram","Boalkhali"
"Chattogram","Anwara"
"Chattogram","Chandanaish"
"Chattogram","Satkania"
"Chattogram","Lohagara"
"Chattogram","Hathazari"
"Chattogram","Fatikchhari"
"Chattogram","Raozan"
"Chattogram","Karnafuli"
"Coxsbazar","Coxsbazar Sadar"
"Coxsbazar","Chakaria"
"Coxsbazar","Kutubdia"
"Coxsbazar","Ukhiya"
"Coxsbazar","Moheshkhali"
"Coxsbazar","Pekua"
"Coxsbazar","Ramu"
"Coxsbazar","Teknaf"
"Khagrachhari","Khagrachhari Sadar"
"Khagrachhari","Dighinala"
"Khagrachhari","Panchari"
"Khagrachhari","Laxmichhari"
"Khagrachhari","Mohalchari"
"Khagrachhari","Manikchari"
"Khagrachhari","Ramgarh"
"Khagrachhari","Matiranga"
"Khagrachhari","Guimara"
"Bandarban","Bandarban Sadar"
"Bandarban","Alikadam"
"Bandarban","Naikhongchhari"
"Bandarban","Rowangchhari"
"Bandarban","Lama"
"Bandarban","Ruma"
"Bandarban","Thanchi"
"Sirajganj","Belkuchi"
"Sirajganj","Chauhali"
"Sirajganj","Kamarkhand"
"Sirajganj","Kazipur"
"Sirajganj","Raigonj"
"Sirajganj","Shahjadpur"
"Sirajganj","Sirajganj Sadar"
"Sirajganj","Tarash"
"Sirajganj","Ullapara"
"Pabna","Sujanagar"
"Pabna","Ishurdi"
"Pabna","Bhangura"
"Pabna","Pabna Sadar"
"Pabna","Bera"
"Pabna","Atghoria"
"Pabna","Chatmohar"
"Pabna","Santhia"
"Pabna","Faridpur"
"Bogura","Kahaloo"
"Bogura","Bogra Sadar"
"Bogura","Shariakandi"
"Bogura","Shajahanpur"
"Bogura","Dupchanchia"
"Bogura","Adamdighi"
"Bogura","Nondigram"
"Bogura","Sonatala"
"Bogura","Dhunot"
"Bogura","Gabtali"
"Bogura","Sherpur"
"Bogura","Shibganj"
"Rajshahi","Paba"
"Rajshahi","Durgapur"
"Rajshahi","Mohonpur"
"Rajshahi","Charghat"
"Rajshahi","Puthia"
"Rajshahi","Bagha"
"Rajshahi","Godagari"
"Rajshahi","Tanore"
"Rajshahi","Bagmara"
"Natore","Natore Sadar"
"Natore","Singra"
"Natore","Baraigram"
"Natore","Bagatipara"
"Natore","Lalpur"
"Natore","Gurudaspur"
"Natore","Naldanga"
"Joypurhat","Akkelpur"
"Joypurhat","Kalai"
"Joypurhat","Khetlal"
"Joypurhat","Panchbibi"
"Joypurhat","Joypurhat Sadar"
"Chapainawabganj","Chapainawabganj Sadar"
"Chapainawabganj","Gomostapur"
"Chapainawabganj","Nachol"
"Chapainawabganj","Bholahat"
"Chapainawabganj","Shibganj"
"Naogaon","Mohadevpur"
"Naogaon","Badalgachi"
"Naogaon","Patnitala"
"Naogaon","Dhamoirhat"
"Naogaon","Niamatpur"
"Naogaon","Manda"
"Naogaon","Atrai"
"Naogaon","Raninagar"
"Naogaon","Naogaon Sadar"
"Naogaon","Porsha"
"Naogaon","Sapahar"
"Jashore","Manirampur"
"Jashore","Abhaynagar"
"Jashore","Bagherpara"
"Jashore","Chougachha"
"Jashore","Jhikargacha"
"Jashore","Keshabpur"
"Jashore","Jessore Sadar"
"Jashore","Sharsha"
"Satkhira","Assasuni"
"Satkhira","Debhata"
"Satkhira","Kalaroa"
"Satkhira","Satkhira Sadar"
"Satkhira","Shyamnagar"
"Satkhira","Tala"
"Satkhira","Kaliganj"
"Meherpur","Mujibnagar"
"Meherpur","Meherpur Sadar"
"Meherpur","Gangni"
"Narail","Narail Sadar"
"Narail","Lohagara"
"Narail","Kalia"
"Chuadanga","Chuadanga Sadar"
"Chuadanga","Alamdanga"
"Chuadanga","Damurhuda"
"Chuadanga","Jibannagar"
"Kushtia","Kushtia Sadar"
"Kushtia","Kumarkhali"
"Kushtia","Khoksa"
"Kushtia","Mirpur"
"Kushtia","Daulatpur"
"Kushtia","Bheramara"
"Magura","Shalikha"
"Magura","Sreepur"
"Magura","Magura Sadar"
"Magura","Mohammadpur"
"Khulna","Paikgasa"
"Khulna","Fultola"
"Khulna","Digholia"
"Khulna","Rupsha"
"Khulna","Terokhada"
"Khulna","Dumuria"
"Khulna","Botiaghata"
"Khulna","Dakop"
"Khulna","Koyra"
"Bagerhat","Fakirhat"
"Bagerhat","Bagerhat Sadar"
"Bagerhat","Mollahat"
"Bagerhat","Sarankhola"
"Bagerhat","Rampal"
"Bagerhat","Morrelganj"
"Bagerhat","Kachua"
"Bagerhat","Mongla"
"Bagerhat","Chitalmari"
"Jhenaidah","Jhenaidah Sadar"
"Jhenaidah","Shailkupa"
"Jhenaidah","Harinakundu"
"Jhenaidah","Kaliganj"
"Jhenaidah","Kotchandpur"
"Jhenaidah","Moheshpur"
"Jhalakathi","Jhalakathi Sadar"
"Jhalakathi","Kathalia"
"Jhalakathi","Nalchity"
"Jhalakathi","Rajapur"
"Patuakhali","Bauphal"
"Patuakhali","Patuakhali Sadar"
"Patuakhali","Dumki"
"Patuakhali","Dashmina"
"Patuakhali","Kalapara"
"Patuakhali","Mirzaganj"
"Patuakhali","Galachipa"
"Patuakhali","Rangabali"
"Pirojpur","Pirojpur Sadar"
"Pirojpur","Nazirpur"
"Pirojpur","Kawkhali"
"Pirojpur","Zianagar"
"Pirojpur","Bhandaria"
"Pirojpur","Mathbaria"
"Pirojpur","Nesarabad"
"Barisal","Barisal Sadar"
"Barisal","Bakerganj"
"Barisal","Babuganj"
"Barisal","Wazirpur"
"Barisal","Banaripara"
"Barisal","Gournadi"
"Barisal","Agailjhara"
"Barisal","Mehendiganj"
"Barisal","Muladi"
"Barisal","Hizla"
"Bhola","Bhola Sadar"
"Bhola","Borhan Sddin"
"Bhola","Charfesson"
"Bhola","Doulatkhan"
"Bhola","Monpura"
"Bhola","Tazumuddin"
"Bhola","Lalmohan"
"Barguna","Amtali"
"Barguna","Barguna Sadar"
"Barguna","Betagi"
"Barguna","Bamna"
"Barguna","Pathorghata"
"Barguna","Taltali"
"Sylhet","Balaganj"
"Sylhet","Beanibazar"
"Sylhet","Bishwanath"
"Sylhet","Companiganj"
"Sylhet","Fenchuganj"
"Sylhet","Golapganj"
"Sylhet","Gowainghat"
"Sylhet","Jaintiapur"
"Sylhet","Kanaighat"
"Sylhet","Sylhet Sadar"
"Sylhet","Zakiganj"
"Sylhet","Dakshinsurma"
"Sylhet","Osmaninagar"
"Moulvibazar","Barlekha"
"Moulvibazar","Kamolganj"
"Moulvibazar","Kulaura"
"Moulvibazar","Moulvibazar Sadar"
"Moulvibazar","Rajnagar"
"Moulvibazar","Sreemangal"
"Moulvibazar","Juri"
"Habiganj","Nabiganj"
"Habiganj","Bahubal"
"Habiganj","Ajmiriganj"
"Habiganj","Baniachong"
"Habiganj","Lakhai"
"Habiganj","Chunarughat"
"Habiganj","Habiganj Sadar"
"Habiganj","Madhabpur"
"Sunamganj","Sunamganj Sadar"
"Sunamganj","South Sunamganj"
"Sunamganj","Bishwambarpur"
"Sunamganj","Chhatak"
"Sunamganj","Jagannathpur"
"Sunamganj","Dowarabazar"
"Sunamganj","Tahirpur"
"Sunamganj","Dharmapasha"
"Sunamganj","Jamalganj"
"Sunamganj","Shalla"
"Sunamganj","Derai"
"Narsingdi","Belabo"
"Narsingdi","Monohardi"
"Narsingdi","Narsingdi Sadar"
"Narsingdi","Palash"
"Narsingdi","Raipura"
"Narsingdi","Shibpur"
"Gazipur","Kaliganj"
"Gazipur","Kaliakair"
"Gazipur","Kapasia"
"Gazipur","Gazipur Sadar"
"Gazipur","Sreepur"
"Shariatpur","Shariatpur Sadar"
"Shariatpur","Naria"
"Shariatpur","Zajira"
"Shariatpur","Gosairhat"
"Shariatpur","Bhedarganj"
"Shariatpur","Damudya"
"Narayanganj","Araihazar"
"Narayanganj","Bandar"
"Narayanganj","Narayanganj Sadar"
"Narayanganj","Rupganj"
"Narayanganj","Sonargaon"
"Tangail","Basail"
"Tangail","Bhuapur"
"Tangail","Delduar"
"Tangail","Ghatail"
"Tangail","Gopalpur"
"Tangail","Madhupur"
"Tangail","Mirzapur"
"Tangail","Nagarpur"
"Tangail","Sakhipur"
"Tangail","Tangail Sadar"
"Tangail","Kalihati"
"Tangail","Dhanbari"
"Kishoreganj","Itna"
"Kishoreganj","Katiadi"
"Kishoreganj","Bhairab"
"Kishoreganj","Tarail"
"Kishoreganj","Hossainpur"
"Kishoreganj","Pakundia"
"Kishoreganj","Kuliarchar"
"Kishoreganj","Kishoreganj Sadar"
"Kishoreganj","Karimgonj"
"Kishoreganj","Bajitpur"
"Kishoreganj","Austagram"
"Kishoreganj","Mithamoin"
"Kishoreganj","Nikli"
"Manikganj","Harirampur"
"Manikganj","Saturia"
"Manikganj","Manikganj Sadar"
"Manikganj","Gior"
"Manikganj","Shibaloy"
"Manikganj","Doulatpur"
"Manikganj","Singiar"
"Dhaka","Savar"
"Dhaka","Dhamrai"
"Dhaka","Keraniganj"
"Dhaka","Nawabganj"
"Dhaka","Dohar"
"Munshiganj","Munshiganj Sadar"
"Munshiganj","Sreenagar"
"Munshiganj","Sirajdikhan"
"Munshiganj","Louhajanj"
"Munshiganj","Gajaria"
"Munshiganj","Tongibari"
"Rajbari","Rajbari Sadar"
"Rajbari","Goalanda"
"Rajbari","Pangsa"
"Rajbari","Baliakandi"
"Rajbari","Kalukhali"
"Madaripur","Madaripur Sadar"
"Madaripur","Shibchar"
"Madaripur","Kalkini"
"Madaripur","Rajoir"
"Gopalganj","Gopalganj Sadar"
"Gopalganj","Kashiani"
"Gopalganj","Tungipara"
"Gopalganj","Kotalipara"
"Gopalganj","Muksudpur"
"Faridpur","Faridpur Sadar"
"Faridpur","Alfadanga"
"Faridpur","Boalmari"
"Faridpur","Sadarpur"
"Faridpur","Nagarkanda"
"Faridpur","Bhanga"
"Faridpur","Charbhadrasan"
"Faridpur","Madhukhali"
"Faridpur","Saltha"
"Panchagarh","Panchagarh Sadar"
"Panchagarh","Debiganj"
"Panchagarh","Boda"
"Panchagarh","Atwari"
"Panchagarh","Tetulia"
"Dinajpur","Nawabganj"
"Dinajpur","Birganj"
"Dinajpur","Ghoraghat"
"Dinajpur","Birampur"
"Dinajpur","Parbatipur"
"Dinajpur","Bochaganj"
"Dinajpur","Kaharol"
"Dinajpur","Fulbari"
"Dinajpur","Dinajpur Sadar"
"Dinajpur","Hakimpur"
"Dinajpur","Khansama"
"Dinajpur","Birol"
"Dinajpur","Chirirbandar"
"Lalmonirhat","Lalmonirhat Sadar"
"Lalmonirhat","Kaliganj"
"Lalmonirhat","Hatibandha"
"Lalmonirhat","Patgram"
"Lalmonirhat","Aditmari"
"Nilphamari","Syedpur"
"Nilphamari","Domar"
"Nilphamari","Dimla"
"Nilphamari","Jaldhaka"
"Nilphamari","Kishorganj"
"Nilphamari","Nilphamari Sadar"
"Gaibandha","Sadullapur"
"Gaibandha","Gaibandha Sadar"
"Gaibandha","Palashbari"
"Gaibandha","Saghata"
"Gaibandha","Gobindaganj"
"Gaibandha","Sundarganj"
"Gaibandha","Phulchari"
"Thakurgaon","Thakurgaon Sadar"
"Thakurgaon","Pirganj"
"Thakurgaon","Ranisankail"
"Thakurgaon","Haripur"
"Thakurgaon","Baliadangi"
"Rangpur","Rangpur Sadar"
"Rangpur","Gangachara"
"Rangpur","Taragonj"
"Rangpur","Badargonj"
"Rangpur","Mithapukur"
"Rangpur","Pirgonj"
"Rangpur","Kaunia"
"Rangpur","Pirgacha"
"Kurigram","Kurigram Sadar"
"Kurigram","Nageshwari"
"Kurigram","Bhurungamari"
"Kurigram","Phulbari"
"Kurigram","Rajarhat"
"Kurigram","Ulipur"
"Kurigram","Chilmari"
"Kurigram","Rowmari"
"Kurigram","Charrajibpur"
"Sherpur","Sherpur Sadar"
"Sherpur","Nalitabari"
"Sherpur","Sreebordi"
"Sherpur","Nokla"
"Sherpur","Jhenaigati"
"Mymensingh","Fulbaria"
"Mymensingh","Trishal"
"Mymensingh","Bhaluka"
"Mymensingh","Muktagacha"
"Mymensingh","Mymensingh Sadar"
"Mymensingh","Dhobaura"
"Mymensingh","Phulpur"
"Mymensingh","Haluaghat"
"Mymensingh","Gouripur"
"Mymensingh","Gafargaon"
"Mymensingh","Iswarganj"
"Mymensingh","Nandail"
"Mymensingh","Tarakanda"
"Jamalpur","Jamalpur Sadar"
"Jamalpur","Melandah"
"Jamalpur","Islampur"
"Jamalpur","Dewangonj"
"Jamalpur","Sarishabari"
"Jamalpur","Madarganj"
"Jamalpur","Bokshiganj"
"Netrokona","Barhatta"
"Netrokona","Durgapur"
"Netrokona","Kendua"
"Netrokona","Atpara"
"Netrokona","Madan"
"Netrokona","Khaliajuri"
"Netrokona","Kalmakanda"
"Netrokona","Mohongonj"
"Netrokona","Purbadhala"
"Netrokona","Netrokona Sadar"
"Coxsbazar","Eidgaon"
"Sunamganj","Madhyanagar"
"Madaripur","Dasar"
